ACTIN,ACTIN,ACTIN,ACTIN,ACTIN,ACTIN,ACTIN,ACTIN,ACTIN,ACTIN,ACTIN,ACTIN,ACTIN,ACTIN,ACTIN,ACTIN,ACTIN,ACTIN,ACTIN,ACTIN,ACTIN,ACTIN,ACTIN,ACTIN
ACTIN,ACTIN,ACTIN,ACTIN,ACTIN,ACTIN,ACTIN,ACTIN,ACTIN,ACTIN,ACTIN,ACTIN,ACTIN,ACTIN,ACTIN,ACTIN,ACTIN,ACTIN,ACTIN,ACTIN,ACTIN,ACTIN,ACTIN,ACTIN
ACTIN,ACTIN,ACTIN,ACTIN,ACTIN,ACTIN,ACTIN,ACTIN,ACTIN,ACTIN,ACTIN,ACTIN,ACTIN,ACTIN,ACTIN,ACTIN,ACTIN,NA,NA,NA,NA,NA,NA,NA
ACTIN,ACTIN,ACTIN,ACTIN,ACTIN,ACTIN,ACTIN,ACTIN,ACTIN,ACTIN,ACTIN,ACTIN,ACTIN,ACTIN,ACTIN,ACTIN,ACTIN,NA,NA,NA,NA,NA,NA,NA
SAG12,SAG12,SAG12,SAG12,SAG12,SAG12,SAG12,SAG12,SAG12,SAG12,SAG12,SAG12,SAG12,SAG12,SAG12,SAG12,SAG12,SAG12,SAG12,SAG12,SAG12,SAG12,SAG12,SAG12
SAG12,SAG12,SAG12,SAG12,SAG12,SAG12,SAG12,SAG12,SAG12,SAG12,SAG12,SAG12,SAG12,SAG12,SAG12,SAG12,SAG12,SAG12,SAG12,SAG12,SAG12,SAG12,SAG12,SAG12
SAG12,SAG12,SAG12,SAG12,SAG12,SAG12,SAG12,SAG12,SAG12,SAG12,SAG12,SAG12,SAG12,SAG12,SAG12,SAG12,SAG12,NA,NA,NA,NA,NA,NA,NA
SAG12,SAG12,SAG12,SAG12,SAG12,SAG12,SAG12,SAG12,SAG12,SAG12,SAG12,SAG12,SAG12,SAG12,SAG12,SAG12,SAG12,NA,NA,NA,NA,NA,NA,NA
WRKY53,WRKY53,WRKY53,WRKY53,WRKY53,WRKY53,WRKY53,WRKY53,WRKY53,WRKY53,WRKY53,WRKY53,WRKY53,WRKY53,WRKY53,WRKY53,WRKY53,WRKY53,WRKY53,WRKY53,WRKY53,WRKY53,WRKY53,WRKY53
WRKY53,WRKY53,WRKY53,WRKY53,WRKY53,WRKY53,WRKY53,WRKY53,WRKY53,WRKY53,WRKY53,WRKY53,WRKY53,WRKY53,WRKY53,WRKY53,WRKY53,WRKY53,WRKY53,WRKY53,WRKY53,WRKY53,WRKY53,WRKY53
WRKY53,WRKY53,WRKY53,WRKY53,WRKY53,WRKY53,WRKY53,WRKY53,WRKY53,WRKY53,WRKY53,WRKY53,WRKY53,WRKY53,WRKY53,WRKY53,WRKY53,NA,NA,NA,NA,NA,NA,NA
WRKY53,WRKY53,WRKY53,WRKY53,WRKY53,WRKY53,WRKY53,WRKY53,WRKY53,WRKY53,WRKY53,WRKY53,WRKY53,WRKY53,WRKY53,WRKY53,WRKY53,NA,NA,NA,NA,NA,NA,NA
RBSC1A,RBSC1A,RBSC1A,RBSC1A,RBSC1A,RBSC1A,RBSC1A,RBSC1A,RBSC1A,RBSC1A,RBSC1A,RBSC1A,RBSC1A,RBSC1A,RBSC1A,RBSC1A,RBSC1A,RBSC1A,RBSC1A,RBSC1A,RBSC1A,RBSC1A,RBSC1A,RBSC1A
RBSC1A,RBSC1A,RBSC1A,RBSC1A,RBSC1A,RBSC1A,RBSC1A,RBSC1A,RBSC1A,RBSC1A,RBSC1A,RBSC1A,RBSC1A,RBSC1A,RBSC1A,RBSC1A,RBSC1A,RBSC1A,RBSC1A,RBSC1A,RBSC1A,RBSC1A,RBSC1A,RBSC1A
RBSC1A,RBSC1A,RBSC1A,RBSC1A,RBSC1A,RBSC1A,RBSC1A,RBSC1A,RBSC1A,RBSC1A,RBSC1A,RBSC1A,RBSC1A,RBSC1A,RBSC1A,RBSC1A,RBSC1A,NA,NA,NA,NA,NA,NA,NA
RBSC1A,RBSC1A,RBSC1A,RBSC1A,RBSC1A,RBSC1A,RBSC1A,RBSC1A,RBSC1A,RBSC1A,RBSC1A,RBSC1A,RBSC1A,RBSC1A,RBSC1A,RBSC1A,RBSC1A,NA,NA,NA,NA,NA,NA,NA
